{
  "project_info": {
    "project_number": "356164682237",
    "firebase_url": "https://mohammed-4875c.firebaseio.com",
    "project_id": "mohammed-4875c",
    "storage_bucket": "mohammed-4875c.appspot.com"
  },
  "client": [
    {
      "client_info": {
        "mobilesdk_app_id": "1:356164682237:android:ba502260c69248a6",
        "android_client_info": {
          "package_name": "com.example.aceres1_572.mohammed"
        }
      },
      "oauth_client": [
        {
          "client_id": "356164682237-rn47nr4o5678iqig4fcepo77paghcqmv.apps.googleusercontent.com",
          "client_type": 1,
          "android_info": {
            "package_name": "com.example.aceres1_572.mohammed",
            "certificate_hash": "cccac84de23d43c9fb0f8143f2fdccd79dc75e51"
          }
        },
        {
          "client_id": "356164682237-78omvs9j3boklb2bp52ont4setdoq9rq.apps.googleusercontent.com",
          "client_type": 3
        }
      ],
      "api_key": [
        {
          "current_key": "AIzaSyA9jlkbidYxeMjnEEjqQmzAWLt_HvOWnd8"
        }
      ],
      "services": {
        "analytics_service": {
          "status": 1
        },
        "appinvite_service": {
          "status": 2,
          "other_platform_oauth_client": [
            {
              "client_id": "356164682237-78omvs9j3boklb2bp52ont4setdoq9rq.apps.googleusercontent.com",
              "client_type": 3
            }
          ]
        },
        "ads_service": {
          "status": 2
        }
      }
    }
  ],
  "configuration_version": "1"
}